{
  "dataset": "NCI1",
  "method": "WL+CTQW_Hybrid",
  "kernel": "rbf",
  "best_C": 1.0,
  "n_graphs": 4110,
  "n_features": 42,
  "n_classes": 2,
  "accuracy_mean": 0.6211678832116788,
  "accuracy_std": 0.01922141119221409,
  "f1_mean": 0.6190905648297762,
  "f1_std": 0.01927184037700929,
  "cv_folds": 10
}