{
  "dataset": "PTC_MR",
  "method": "WL+CTQW_Hybrid",
  "kernel": "rbf",
  "best_C": 10.0,
  "n_graphs": 344,
  "n_features": 42,
  "n_classes": 2,
  "accuracy_mean": 0.5901680672268907,
  "accuracy_std": 0.06362965058956503,
  "f1_mean": 0.565114425818275,
  "f1_std": 0.06900526301544127,
  "cv_folds": 10
}