{
  "Topological_RBF": {
    "model_name": "Topological_RBF_C1.0",
    "cv_folds": 10,
    "accuracy_mean": 0.8885964912280702,
    "accuracy_std": 0.04928353682328941,
    "f1_mean": 0.8768896868027303,
    "f1_std": 0.05440443263027614,
    "fit_time_mean": 0.0070544004440307615,
    "predict_time_mean": 0.0003386497497558594,
    "fold_results": {
      "accuracies": [
        0.9473684210526315,
        0.8421052631578947,
        0.9473684210526315,
        0.9473684210526315,
        0.8421052631578947,
        0.8421052631578947,
        0.8421052631578947,
        0.8421052631578947,
        0.8888888888888888,
        0.9444444444444444
      ],
      "f1_scores": [
        0.936026936026936,
        0.8080808080808081,
        0.9415384615384615,
        0.9415384615384615,
        0.8347826086956522,
        0.8347826086956522,
        0.8246153846153846,
        0.8246153846153846,
        0.8831168831168831,
        0.939799331103679
      ],
      "predictions": [
        